{"cameraMode":{"drawMode":0,"name":"Shaded","section":"Shading Mode"},"sceneLighting":true,"audioPlay":false,"sceneViewState":{"m_AlwaysRefresh":false,"showFog":true,"showSkybox":true,"showFlares":true,"showImageEffects":true,"showParticleSystems":true,"showVisualEffectGraphs":true,"m_FxEnabled":true},"in2DMode":false,"pivot":{"x":493.6695556640625,"y":104.80513000488281,"z":436.54742431640627},"rotation":{"x":0.2154441475868225,"y":-0.4171537160873413,"z":0.10248041898012161,"w":0.8769686818122864},"size":158.41563415527345,"orthographic":true}